first,last,email,score,elapsed,clock
Justin,Strauss,justin.strauss@st-annes.ox.ac.uk,100,10 secs,10/19/14 9:54
Joseph,Gardiner,joseph.gardiner@oriel.ox.ac.uk,110,10 secs,10/19/14 10:11
Ethan,Martin,ethan.martin@stcatz.ox.ac.uk,120,10 secs,10/19/14 10:11
Andrius,Ovsianas,andrius.ovsianas@merton.ox.ac.uk,130,10 secs,10/19/14 10:30
Jack,Arthur,jack.arthur@keble.ox.ac.uk,140,10 secs,10/20/14 10:30
Jan,Mirkiewicz,jan.mirkiewicz@sjc.ox.ac.uk,150,10 secs,10/21/14 10:30
